{
    "categorias": [
        {
            "idCategoria": 1,
            "nombre": "Electronica"
        },
        {
            "idCategoria": 2,
            "nombre": "Ropa"
        },
        {
            "idCategoria": 3,
            "nombre": "Juguetes"
        }
    ], 

    "productos": [
        {
            "idProducto": 1,
            "nombre": "Teléfono",
            "precio": 699.99,
            "destacado": false,
            "imagen": "movil.png",
            "cantidadpedida": 0,
            "id_categoria": 1
        },
        {
            "idProducto": 2,
            "nombre": "Televisor",
            "precio": 899.99,
            "destacado": false,
            "imagen": "televisor.png",
            "cantidadpedida": 0,
            "id_categoria": 1
        },

        {
            "idProducto": 3,
            "nombre": "Camiseta",
            "precio": 19.99,
            "destacado": false,
            "imagen": "camiseta.png",
            "cantidadpedida": 0,
            "id_categoria": 2
        },
        {
            "idProducto": 4,
            "nombre": "Pantalon",
            "precio": 39.99,
            "destacado": false,
            "imagen": "pantalon.png",
            "cantidadpedida": 0,
            "id_categoria": 2
        },
    
        {
            "idProducto": 5,
            "nombre": "Funko",
            "precio": 24.99,
            "destacado": false,
            "imagen": "funko.png",
            "cantidadpedida": 0,
            "id_categoria": 3
        },
        {
            "idProducto": 6,
            "nombre": "Camion de juguete",
            "precio": 14.99,
            "destacado": false,
            "imagen": "camion_juguete.png",
            "cantidadpedida": 0,
            "id_categoria": 3
        }
    ]

}